<?xml version="1.0" encoding="UTF-8"?>

<!DOCTYPE mapper
	PUBLIC "-//mybatis.org//DTD Mapper 3.0//EN" 
		   "http://mybatis.org/dtd/mybatis-3-mapper.dtd">

<mapper namespace="com.team4.mapper.BoardMapper">

	<insert id="insertBoard" parameterType="BoardVO">
	INSERT INTO BOARD (TITLE, MEMBERID, CONTENT) 
	VALUES (#{ title }, #{ memberId }, #{ content })
	</insert>
	
	<select id="selectAll" resultType="BoardVO">
	SELECT BOARDNO, TITLE, MEMBERID, READCOUNT, REGDATE, DELETED
	FROM BOARD
	ORDER BY BOARDNO DESC
	</select>
	
	<select id="selectBoardByBoardNo" parameterType="int" resultType="BoardVO">
	SELECT BOARDNO, TITLE, CONTENT, MEMBERID, READCOUNT, REGDATE 
	FROM BOARD
	WHERE BOARDNO = #{ boardNo } AND DELETED = false 
	</select>
	
	<update id="updateBoardDeleted" parameterType="int">
	UPDATE BOARD 
	SET DELETED = true
	WHERE BOARDNO = #{ boardNo }
	</update>
	
	<update id="updateBoardReadCount" parameterType="int">
	UPDATE BOARD 
	SET READCOUNT = READCOUNT + 1
	WHERE BOARDNO = #{ boardNo }
	</update>
	
	<update id="updateBoard" parameterType="BoardVO">
	UPDATE BOARD 
	SET TITLE = #{title}, CONTENT = #{content}
	WHERE BOARDNO = #{ boardNo }
	</update>

	<!-- 총 게시글 갯수 출력 -->
	<select id="countBoard" resultType="int">
		SELECT COUNT(*) FROM BOARD
	</select>
	
	<!-- 페이징 처리 후 게시글 조회 -->
	<select id="selectBoard" resultType="BoardVO">
		SELECT * 
		FROM (
			SELECT @ROWNUM := @ROWNUM +1 AS ROWNUM, A.* 
			FROM (
			  	  SELECT * 
				  FROM BOARD 
				  ORDER BY boardNO DESC 
				  )A, (SELECT @ROWNUM :=0)TMP
			 )B
		WHERE ROWNUM BETWEEN #{start} AND #{end}
	</select>
	
</mapper>